<?xml version="1.0" encoding="UTF-8"?>
<!--  This file conforms to the DTD xdc/bld/release.dtd -->
<release name="myBoard_VIRTNC" label="default" date="1562256408417" buildCount="1" producerId="undefined">
<package name="myBoard_VIRTNC"
    version=""/>
<imports>
</imports>
<references>
    <package name="xdc"
        version="1, 1, 1, 1533062897475"
        providerId="/home/idris/ti/xdctools_3_50_08_24_core/packages">
        <file name="IPackage.xdc"/>
        <file name="IPackage.xs"/>
        <file name="Warnings.xs"/>
        <file name="om2.xs"/>
        <file name="package.xs"/>
        <file name="template.xs"/>
        <file name="utils.js"/>
        <file name="xdc.tci"/>
        <file name="xmlgen.xs"/>
        <file name="xmlgen2.xs"/>
    </package>
    <package name="xdc.services.global"
        version="1, 0, 0, 1533062988634"
        providerId="/home/idris/ti/xdctools_3_50_08_24_core/packages">
        <file name="Clock.xs"/>
        <file name="Trace.xs"/>
        <file name="java/package.jar"/>
    </package>
    <package name="xdc.bld"
        version="1, 0, 2, 1533062905570"
        providerId="/home/idris/ti/xdctools_3_50_08_24_core/packages">
        <file name="BuildEnvironment.xs"/>
        <file name="Configuration.xs"/>
        <file name="Executable.xs"/>
        <file name="ITarget.xs"/>
        <file name="ITarget2.xs"/>
        <file name="ITarget3.xs"/>
        <file name="ITargetFilter.xs"/>
        <file name="Library.xs"/>
        <file name="Manifest.xs"/>
        <file name="PackageContents.xs"/>
        <file name="Repository.xs"/>
        <file name="Script.xs"/>
        <file name="Utils.xs"/>
        <file name="_gen.xs"/>
        <file name="bld.js"/>
        <file name="package.xs"/>
    </package>
    <package name="xdc.platform"
        version="1, 0, 1, 1533062930526"
        providerId="/home/idris/ti/xdctools_3_50_08_24_core/packages">
        <file name="ICpuDataSheet.xdc"/>
        <file name="IExeContext.xdc"/>
        <file name="IPeripheral.xdc"/>
        <file name="IPlatform.xdc"/>
    </package>
    <package name="ti.platforms.generic"
        version="1, 0, 0, 1, 1530044924384"
        providerId="/home/idris/ti/bios_6_73_00_12/packages">
        <file name="Platform.xdc"/>
    </package>
    <package name="xdc.services.intern.gen"
        version="1, 0, 0, 1533063016913"
        providerId="/home/idris/ti/xdctools_3_50_08_24_core/packages">
        <file name="java/package.jar"/>
    </package>
    <package name="xdc.services.intern.xsr"
        version="1, 0, 0, 1533063021707"
        providerId="/home/idris/ti/xdctools_3_50_08_24_core/packages">
        <file name="java/package.jar"/>
    </package>
    <package name="xdc.shelf"
        version="1, 0, 0, 1533063072124"
        providerId="/home/idris/ti/xdctools_3_50_08_24_core/packages">
        <file name="java/antlr.jar"/>
        <file name="java/ecj.jar"/>
        <file name="java/js.jar"/>
        <file name="java/tar.jar"/>
    </package>
    <package name="xdc.services.spec"
        version="1, 0, 0, 1533063039699"
        providerId="/home/idris/ti/xdctools_3_50_08_24_core/packages">
        <file name="java/package.jar"/>
    </package>
    <package name="xdc.services.intern.cmd"
        version="1, 0, 0, 1533063011772"
        providerId="/home/idris/ti/xdctools_3_50_08_24_core/packages">
        <file name="java/package.jar"/>
    </package>
    <xdcRoot base="/home/idris/ti/xdctools_3_50_08_24_core/">
        <file name="/packages/xdc/package.xdc"/>
        <xdcCorePkg version="16, 0, 2, 1533062925855" producerId="/db/ztree/library/trees/xdc/xdc-E10/src/packages" buildCount="1" releaseName="xdc_corevers" label="default" date="1533062925855"/>
    </xdcRoot>
</references>
<orphans>
</orphans>
</release>
